<MigrationProcessCSVMetadataVO>
   <MigrationProcessCSVMetadataVORow>
      <ProcessId>-999</ProcessId>
      <ProcessName>Search Legal Entities_20250218_064733_148</ProcessName>
      <ProcessDescription>Search Legal Entities_20250218_064733_148</ProcessDescription>
      <ProcessDate>2025-02-18 18:48:38.141</ProcessDate>
      <ObjectShortName>XLE_SEARCH_LEGAL_ENTITIES</ObjectShortName>
      <ObjectType>TASK</ObjectType>
      <CreatedByFlow>TASK_CSV_SERVICE</CreatedByFlow>
      <ProcessType>EXPORT</ProcessType>
      <ProcessStatus>COMPLETED</ProcessStatus>
      <ProcessEnv>esds-dev9</ProcessEnv>
      <ProcessStartDate>2025-02-18 18:47:35.266</ProcessStartDate>
      <ProcessEndDate>2025-02-18 18:48:38.141</ProcessEndDate>
      <ProcessRelease>11.13.25.01.0</ProcessRelease>
      <SubmittedBy>CURTIS.FEITTY</SubmittedBy>
      <ESSRequestId>8548232</ESSRequestId>
      <MigrationProcessBusinessObjectCSVMetadata1>
         <MigrationProcessBusinessObjectCSVMetadataVORow>
            <ProcessId>-999</ProcessId>
            <BusinessObjectShortName>ORA_XLE_LEGAL_ENTITY_REGISTRATION_FUNCTION</BusinessObjectShortName>
            <BatchName>LegalEntityData</BatchName>
            <XmlAttributeList>Attribute1,Attribute10,Attribute11,Attribute12,Attribute13,Attribute14,Attribute15,Attribute16,Attribute17,Attribute18,Attribute19,Attribute2,Attribute20,Attribute3,Attribute4,Attribute5,Attribute6,Attribute7,Attribute8,Attribute9,AttributeCategory,FunctionCode,PartyName,IssuingFormattedAddress</XmlAttributeList>
            <XmlAttributeTypeList>string,string,string,string,string,string,string,string,string,string,string,string,string,string,string,string,string,string,string,string,string,string,string,string</XmlAttributeTypeList>
            <XmlNodePath>/LegalEntityDataVO/LegalEntityDataVORow/RegistrationData/RegistrationDataVORow/RegistrationFunctionData/RegistrationFunctionDataVORow</XmlNodePath>
            <NodeSequence>7</NodeSequence>
         </MigrationProcessBusinessObjectCSVMetadataVORow>
         <MigrationProcessBusinessObjectCSVMetadataVORow>
            <ProcessId>-999</ProcessId>
            <BusinessObjectShortName>ORA_XLE_LEGAL_REPORTING_UNIT_REGISTRATION</BusinessObjectShortName>
            <BatchName>LegalEntityData</BatchName>
            <XmlAttributeList>AlternateRegisteredName,Attribute1,Attribute10,Attribute11,Attribute12,Attribute13,Attribute14,Attribute15,Attribute16,Attribute17,Attribute18,Attribute19,Attribute2,Attribute20,Attribute3,Attribute4,Attribute5,Attribute6,Attribute7,Attribute8,Attribute9,AttributeCategory,EffectiveFrom,EffectiveTo,IdentifyingFlag,PlaceOfRegistration,RegInformation1,RegInformation10,RegInformation11,RegInformation12,RegInformation13,RegInformation14,RegInformation15,RegInformation16,RegInformation17,RegInformation18,RegInformation19,RegInformation2,RegInformation20,RegInformation3,RegInformation4,RegInformation5,RegInformation6,RegInformation7,RegInformation8,RegInformation9,RegInformationContext,RegisteredName,RegistrationNumber,SourceTable,Name,FormattedAddress,PartyName,IssuingFormattedAddress</XmlAttributeList>
            <XmlAttributeTypeList>string,string,string,string,string,string,string,string,string,string,string,string,string,string,string,string,string,string,string,string,string,string,date,date,string,string,string,string,string,string,string,string,string,string,string,string,string,string,string,string,string,string,string,string,string,string,string,string,string,string,string,string,string,string</XmlAttributeTypeList>
            <XmlNodePath>/LegalEntityDataVO/LegalEntityDataVORow/EstablishmentData/EstablishmentDataVORow/RegistrationDataEtb/RegistrationDataEtbVORow</XmlNodePath>
            <NodeSequence>4</NodeSequence>
         </MigrationProcessBusinessObjectCSVMetadataVORow>
         <MigrationProcessBusinessObjectCSVMetadataVORow>
            <ProcessId>-999</ProcessId>
            <BusinessObjectShortName>ORA_XLE_LEGAL_REPORTING_UNIT_REGISTRATION_FUNCTION</BusinessObjectShortName>
            <BatchName>LegalEntityData</BatchName>
            <XmlAttributeList>Attribute1,Attribute10,Attribute11,Attribute12,Attribute13,Attribute14,Attribute15,Attribute16,Attribute17,Attribute18,Attribute19,Attribute2,Attribute20,Attribute3,Attribute4,Attribute5,Attribute6,Attribute7,Attribute8,Attribute9,AttributeCategory,FunctionCode,PartyName,IssuingFormattedAddress</XmlAttributeList>
            <XmlAttributeTypeList>string,string,string,string,string,string,string,string,string,string,string,string,string,string,string,string,string,string,string,string,string,string,string,string</XmlAttributeTypeList>
            <XmlNodePath>/LegalEntityDataVO/LegalEntityDataVORow/EstablishmentData/EstablishmentDataVORow/RegistrationDataEtb/RegistrationDataEtbVORow/RegistrationFunctionData/RegistrationFunctionDataVORow</XmlNodePath>
            <NodeSequence>5</NodeSequence>
         </MigrationProcessBusinessObjectCSVMetadataVORow>
         <MigrationProcessBusinessObjectCSVMetadataVORow>
            <ProcessId>-999</ProcessId>
            <BusinessObjectShortName>XLE_LE_LEGAL_ADDRESS</BusinessObjectShortName>
            <BatchName>LegalLocation</BatchName>
            <XmlAttributeList>ActualContentSource,AddrElementAttribute1,AddrElementAttribute2,AddrElementAttribute3,AddrElementAttribute4,AddrElementAttribute5,Address1,Address2,Address3,Address4,AddressEffectiveDate,AddressExpirationDate,AddressLinesPhonetic,AddressStyle,Attribute1,Attribute10,Attribute11,Attribute12,Attribute13,Attribute14,Attribute15,Attribute16,Attribute17,Attribute18,Attribute19,Attribute2,Attribute20,Attribute21,Attribute22,Attribute23,Attribute24,Attribute25,Attribute26,Attribute27,Attribute28,Attribute29,Attribute3,Attribute30,Attribute4,Attribute5,Attribute6,Attribute7,Attribute8,Attribute9,AttributeCategory,AttributeDate1,AttributeDate10,AttributeDate11,AttributeDate12,AttributeDate2,AttributeDate3,AttributeDate4,AttributeDate5,AttributeDate6,AttributeDate7,AttributeDate8,AttributeDate9,AttributeNumber1,AttributeNumber10,AttributeNumber11,AttributeNumber12,AttributeNumber2,AttributeNumber3,AttributeNumber4,AttributeNumber5,AttributeNumber6,AttributeNumber7,AttributeNumber8,AttributeNumber9,Building,CalculateFormattedAddress,City,ClliCode,Comments,Country,County,CreatedBy,CreatedByModule,CreationDate,DateValidated,Description,DoNotValidateFlag,EffectiveDate,FaLocationId,FloorNumber,FormattedAddress,FormattedMultilineAddress,GeometryStatusCode,HouseType,InternalFlag,JobDefinitionName,JobDefinitionPackage,Language,LastUpdateDate,LastUpdateLogin,LastUpdatedBy,LocationDirections,OrigSystem,OrigSystemReference,Position,PostalCode,PostalPlus4Code,Province,RequestId,SalesTaxGeocode,SalesTaxInsideCityLimits,ShortDescription,State,StatusFlag,TimezoneCode,UpdateAddressProfileValue,UsageCode,ValidatedFlag,ValidationStatusCode,LeFormattedAddress</XmlAttributeList>
            <XmlAttributeTypeList>string,string,string,string,string,string,string,string,string,string,date,date,string,string,string,string,string,string,string,string,string,string,string,string,string,string,string,string,string,string,string,string,string,string,string,string,string,string,string,string,string,string,string,string,string,date,date,date,date,date,date,date,date,date,date,date,date,decimal,decimal,decimal,decimal,decimal,decimal,decimal,decimal,decimal,decimal,decimal,decimal,string,boolean,string,string,string,string,string,string,string,dateTime,date,string,string,date,long,string,string,string,string,string,string,string,string,string,dateTime,string,string,string,string,string,string,string,string,string,long,string,string,string,string,string,string,string,string,string,string,string</XmlAttributeTypeList>
            <XmlNodePath>/LegalLocationVO/LegalLocationVORow</XmlNodePath>
            <NodeSequence>1</NodeSequence>
         </MigrationProcessBusinessObjectCSVMetadataVORow>
         <MigrationProcessBusinessObjectCSVMetadataVORow>
            <ProcessId>-999</ProcessId>
            <BusinessObjectShortName>XLE_ENTITY_PROFILE</BusinessObjectShortName>
            <BatchName>LegalEntityData</BatchName>
            <XmlAttributeList>Name,ActivityCode,Attribute1,Attribute10,Attribute11,Attribute12,Attribute13,Attribute14,Attribute15,Attribute16,Attribute17,Attribute18,Attribute19,Attribute2,Attribute20,Attribute3,Attribute4,Attribute5,Attribute6,Attribute7,Attribute8,Attribute9,AttributeCategory,EffectiveFrom,EffectiveTo,LeInformation1,LeInformation10,LeInformation11,LeInformation12,LeInformation13,LeInformation14,LeInformation15,LeInformation16,LeInformation17,LeInformation18,LeInformation19,LeInformation2,LeInformation20,LeInformation3,LeInformation4,LeInformation5,LeInformation6,LeInformation7,LeInformation8,LeInformation9,LeInformationContext,LegalEmployerFlag,LegalEntityIdentifier,PsuFlag,SubActivityCode,TransactingEntityFlag,TypeOfCompany,GeographyCode,TerritoryShortName,TerritoryCode,ParentPsuLeIdentifier,LegalAddress,RegistrationCodeEtbValue,RegistrationCodeLeValue,AttributeDate1,AttributeDate2,AttributeDate3,AttributeDate4,AttributeDate5,AttributeNumber1,AttributeNumber2,AttributeNumber3,AttributeNumber4,AttributeNumber5,LeInformationDate1,LeInformationDate2,LeInformationDate3,LeInformationDate4,LeInformationDate5,LeInformationNumber1,LeInformationNumber2,LeInformationNumber3,LeInformationNumber4,LeInformationNumber5</XmlAttributeList>
            <XmlAttributeTypeList>string,string,string,string,string,string,string,string,string,string,string,string,string,string,string,string,string,string,string,string,string,string,string,date,date,string,string,string,string,string,string,string,string,string,string,string,string,string,string,string,string,string,string,string,string,string,string,string,string,string,string,string,string,string,string,string,string,string,string,date,date,date,date,date,decimal,decimal,decimal,decimal,decimal,date,date,date,date,date,decimal,decimal,decimal,decimal,decimal</XmlAttributeTypeList>
            <XmlNodePath>/LegalEntityDataVO/LegalEntityDataVORow</XmlNodePath>
            <NodeSequence>2</NodeSequence>
         </MigrationProcessBusinessObjectCSVMetadataVORow>
         <MigrationProcessBusinessObjectCSVMetadataVORow>
            <ProcessId>-999</ProcessId>
            <BusinessObjectShortName>XLE_REGISTRATION</BusinessObjectShortName>
            <BatchName>LegalEntityData</BatchName>
            <XmlAttributeList>AlternateRegisteredName,Attribute1,Attribute10,Attribute11,Attribute12,Attribute13,Attribute14,Attribute15,Attribute16,Attribute17,Attribute18,Attribute19,Attribute2,Attribute20,Attribute3,Attribute4,Attribute5,Attribute6,Attribute7,Attribute8,Attribute9,AttributeCategory,EffectiveFrom,EffectiveTo,IdentifyingFlag,PlaceOfRegistration,RegInformation1,RegInformation10,RegInformation11,RegInformation12,RegInformation13,RegInformation14,RegInformation15,RegInformation16,RegInformation17,RegInformation18,RegInformation19,RegInformation2,RegInformation20,RegInformation3,RegInformation4,RegInformation5,RegInformation6,RegInformation7,RegInformation8,RegInformation9,RegInformationContext,RegisteredName,RegistrationNumber,SourceTable,Name,FormattedAddress,PartyName,IssuingFormattedAddress</XmlAttributeList>
            <XmlAttributeTypeList>string,string,string,string,string,string,string,string,string,string,string,string,string,string,string,string,string,string,string,string,string,string,date,date,string,string,string,string,string,string,string,string,string,string,string,string,string,string,string,string,string,string,string,string,string,string,string,string,string,string,string,string,string,string</XmlAttributeTypeList>
            <XmlNodePath>/LegalEntityDataVO/LegalEntityDataVORow/RegistrationData/RegistrationDataVORow</XmlNodePath>
            <NodeSequence>6</NodeSequence>
         </MigrationProcessBusinessObjectCSVMetadataVORow>
         <MigrationProcessBusinessObjectCSVMetadataVORow>
            <ProcessId>-999</ProcessId>
            <BusinessObjectShortName>XLE_ETB_PROFILE</BusinessObjectShortName>
            <BatchName>LegalEntityData</BatchName>
            <XmlAttributeList>ActivityCode,Attribute10,Attribute11,Attribute12,Attribute13,Attribute14,Attribute15,Attribute16,Attribute17,Attribute18,Attribute19,Attribute2,Attribute20,Attribute3,Attribute4,Attribute5,Attribute6,Attribute7,Attribute8,Attribute9,AttributeCategory,EffectiveFrom,EffectiveTo,EtbInformation1,EtbInformation10,EtbInformation11,EtbInformation12,EtbInformation13,EtbInformation14,EtbInformation15,EtbInformation16,EtbInformation17,EtbInformation18,EtbInformation19,EtbInformation2,EtbInformation20,EtbInformation3,EtbInformation4,EtbInformation5,EtbInformation6,EtbInformation7,EtbInformation8,EtbInformation9,EtbInformationContext,MainEffectiveFrom,MainEffectiveTo,MainEstablishmentFlag,Name,SubActivityCode,TypeOfCompany,GeographyCode,GeographyName,GeographyType,GeographyUse,GeographyCodeTransient,GeographyTypeTransient,GeographyUseTransient,GeographyNameTransient,GeographyElement1,GeographyElement2,GeographyElement3,GeographyElement4,GeographyElement5,GeographyElement6,GeographyElement7,GeographyElement8,GeographyElement9,GeographyElement10,AttributeDate1,AttributeDate2,AttributeDate3,AttributeDate4,AttributeDate5,AttributeNumber1,AttributeNumber2,AttributeNumber3,AttributeNumber4,AttributeNumber5,EtbInformationDate1,EtbInformationDate2,EtbInformationDate3,EtbInformationDate4,EtbInformationDate5,EtbInformationNumber1,EtbInformationNumber2,EtbInformationNumber3,EtbInformationNumber4,EtbInformationNumber5</XmlAttributeList>
            <XmlAttributeTypeList>string,string,string,string,string,string,string,string,string,string,string,string,string,string,string,string,string,string,string,string,string,date,date,string,string,string,string,string,string,string,string,string,string,string,string,string,string,string,string,string,string,string,string,string,date,date,string,string,string,string,string,string,string,string,string,string,string,string,string,string,string,string,string,string,string,string,string,string,date,date,date,date,date,decimal,decimal,decimal,decimal,decimal,date,date,date,date,date,decimal,decimal,decimal,decimal,decimal</XmlAttributeTypeList>
            <XmlNodePath>/LegalEntityDataVO/LegalEntityDataVORow/EstablishmentData/EstablishmentDataVORow</XmlNodePath>
            <NodeSequence>3</NodeSequence>
         </MigrationProcessBusinessObjectCSVMetadataVORow>
      </MigrationProcessBusinessObjectCSVMetadata1>
      <MigrationProcessBatchCSVMetadata>
         <MigrationProcessBatchCSVMetadataVORow>
            <ProcessId>-999</ProcessId>
            <BatchName>LegalLocation</BatchName>
            <ImportSequence>0</ImportSequence>
            <ServiceName>oracle.apps.financials.legalEntity.legalEntities.legalEntityMigrationService.LegalEntityMigrationService</ServiceName>
            <BatchSize>100</BatchSize>
         </MigrationProcessBatchCSVMetadataVORow>
         <MigrationProcessBatchCSVMetadataVORow>
            <ProcessId>-999</ProcessId>
            <BatchName>LegalEntityData</BatchName>
            <ImportSequence>1</ImportSequence>
            <ServiceName>oracle.apps.financials.legalEntity.legalEntities.legalEntityMigrationService.LegalEntityMigrationService</ServiceName>
            <BatchSize>100</BatchSize>
         </MigrationProcessBatchCSVMetadataVORow>
      </MigrationProcessBatchCSVMetadata>
      <MigrationProcessScopeValueCSVMetadata null="true"/>
      <MigrationProcessMigrationObjectCSVMetadata>
         <MigrationProcessMigrationObjectCSVMetadataVORow>
            <ProcessId>-999</ProcessId>
            <BusinessObjectShortName>XLE_ENTITY_PROFILE</BusinessObjectShortName>
            <MigrateFlag>Y</MigrateFlag>
            <IncludeExternalDataFlag>Y</IncludeExternalDataFlag>
         </MigrationProcessMigrationObjectCSVMetadataVORow>
      </MigrationProcessMigrationObjectCSVMetadata>
      <MigrationProcessTaskCSVMetadata null="true"/>
      <MigrationProcessServiceVersionCSVMetadata null="true"/>
   </MigrationProcessCSVMetadataVORow>
</MigrationProcessCSVMetadataVO>